Domain,Country,Organic traffic,Competitive rate,Availability
avis-iptv.ca,Canada,N/A,Medium,AVAILABLE (rechecked)
avis-iptv.us,United States,N/A,Medium,AVAILABLE (rechecked)
britishbox.us,United States,N/A,Medium,AVAILABLE (rechecked)
compareiptv.ca,Canada,N/A,Medium,AVAILABLE (rechecked)
compareiptv.us,United States,N/A,Medium,AVAILABLE (rechecked)
compareriptv.ca,Canada,N/A,Medium,AVAILABLE (rechecked)
compareriptv.us,United States,N/A,Medium,AVAILABLE (rechecked)
firestick-guide.us,United States,N/A,Medium,AVAILABLE (rechecked)
firestick-iptv.us,United States,N/A,Medium,AVAILABLE (rechecked)
firestickguide.us,United States,N/A,Medium,AVAILABLE (rechecked)
guideiptv.ca,Canada,N/A,Medium,AVAILABLE (rechecked)
iptv-box.ca,Canada,N/A,Medium,AVAILABLE (rechecked)
iptv-plans.us,United States,N/A,Medium,AVAILABLE (rechecked)
iptvbest.us,United States,N/A,Medium,AVAILABLE (rechecked)
iptvcompare.ca,Canada,N/A,Medium,AVAILABLE (rechecked)
iptvguide.ca,Canada,N/A,Medium,AVAILABLE (rechecked)
iptvusa.ca,Canada,N/A,Medium,AVAILABLE (rechecked)
plusiptv.us,United States,N/A,Medium,AVAILABLE (rechecked)
usatv.us,United States,N/A,Medium,AVAILABLE (rechecked)
