Date,Keyword,Market,SERP,Top domains,Related searches,Volume,Source
2026-09-14,iptv pas cher,France,moderate,"iptvmagazine.com, guru99.com, selectra.info, comparateuriptv.com, moncodetv.com","iptv gratuit pc; iptv gratuit sans abonnement; iptv free; iptv github",N/A,DuckDuckGo
2026-09-14,meilleur abonnement iptv,France,moderate,"lepetitjournal-style, guru99.com, lebigdata.fr, closermag.fr, melty.fr","iptv abonnement lequel choisir; fournisseur iptv fiable; meilleur iptv france; abonnement iptv premium",N/A,DuckDuckGo
2026-09-14,test iptv,France,weak-moderate,"the-best-iptv.com, iptvers.com, iptvscope.com, lumiiptv.com, tapgo.tv","test iptv 24h; free test iptv 48h; iptv checker; iptv tools online",N/A,DuckDuckGo
2026-09-14,iptv subscription canada,Canada,moderate,"guru99.com, softwaretestinghelp.com, videstro.com, iptvslash.com, optimedia.tv","iptv providers canada; cheapest iptv subscription canada; best iptv subscription in canada",N/A,DuckDuckGo
2026-09-14,iptv firestick,US/global,moderate-hard,"guru99.com, softwaretestinghelp.com, techcommuters.com, firestickhacks.com, fireviewtv.com","best iptv for firestick; iptv app for firestick; free iptv for firestick",N/A,DuckDuckGo
2026-09-14,tivimate,Global,moderate,"tivimate.com, play.google.com, apkmirror.com, appdowner.com, geeksforgeeks.com","tivimate premium; tivimate apk; tivimate companion; tivimate playlist",N/A,DuckDuckGo
2026-09-14,iptv smarters pro,Global,hard,"play.google.com, iptvsmarterspro.com, apps.microsoft.com","iptv smarters pro download; apk; windows; subscription",N/A,DuckDuckGo
2026-09-14,iptv belgique,Belgium,weak-moderate,"guru99.com, iptvbelgiquehd.be, eco-magazine.fr, tvbelgique.com","iptv belgique abonnement; avis; hd; gratuit",N/A,DuckDuckGo
2026-09-14,iptv nederland,Netherlands,weak-moderate,"iptvnederlandgids.nl, guru99.com, nederlandiptv.nl, nederlandsetv.com","iptv nederland review; abonnement vergelijken; gratis",N/A,DuckDuckGo
2026-09-14,iptv deutschland,Germany,moderate,"guru99.com, merkur.de, hna.de, germaniptv.tv, iptvforum.net","iptv deutschland legal; anbieter; test; app; kostenlos",N/A,DuckDuckGo
2026-09-14,best iptv australia,Australia,moderate,"guru99.com, iptv-australia.com.au, aussieiptv.com, videstro.com","best iptv australia reddit; subscription; provider",N/A,DuckDuckGo
2026-09-14,best iptv uk,United Kingdom,moderate-hard,"guru99.com, softwaretestinghelp.com, geekvibenation.com","best iptv uk 2026; app; reddit; provider",N/A,DuckDuckGo
2026-09-14,iptv suisse,Switzerland,weak,"iptv-ch.ch, iptv-suisse.org, iptv-suisse.ch, iptvprosuisse.com","local providers dominate",N/A,DuckDuckGo
2026-09-14,iptv box,France,moderate,"troypoint.com, smarttvs.org, amazon.com",best for streaming; android tv,N/A,DuckDuckGo
2026-09-14,code iptv,France,weak,"github.com, iptvsenpal.com, troypoint.com",code xtream; code free,N/A,DuckDuckGo
2026-09-14,liste iptv,France,weak,"github.com, korben.info, playlist-iptv.fr",liste iptv france; gratuit m3u,N/A,DuckDuckGo
2026-09-14,iptv firestick france,France,moderate,"videstro.com, lepetitjournal.com, iptvpix.com",,N/A,DuckDuckGo
2026-09-14,iptv samsung,Global,moderate,"siptv.app, techcommuters.com, iptvforum.net",samsung app; stream player,N/A,DuckDuckGo
2026-09-14,iptv gratuit,France,weak,"freenews.fr, justgeek.fr, toutestun.com",piracy-adjacent,N/A,DuckDuckGo
2026-09-14,fournisseur iptv,France,moderate,"lepetitjournal.com, guru99.com, seekward.com",,N/A,DuckDuckGo
2026-09-14,iptv provider canada,Canada,moderate,"guru99.com, softwaretestinghelp.com, iptvrankings.com",,N/A,DuckDuckGo
2026-09-14,mejor iptv,Spain,moderate,"xatakamovil.com, guru99.com, theiptvguide.com",,N/A,DuckDuckGo
2026-09-14,abbonamento iptv,Italy,moderate,"iptvabbonamenti.it, guru99.com, abbonamentotv.com",,N/A,DuckDuckGo
2026-09-14,iptv smart tv,Global,moderate,"play.google.com, apkpure.com, iptvsmarterspro.com",,N/A,DuckDuckGo
2026-09-14,tivimate premium,Global,weak-moderate,"tivimate.com, freeiptvcheck.com, tvtech.support",SEO only; trademark,N/A,DuckDuckGo
2026-09-14,iptv belgie,Belgium,moderate,"iptvabonnement.be, iptv-be.be, iptvbelgie.eu, guru99.com, beeldtv.com",,N/A,DuckDuckGo
2026-09-14,beste iptv belgie,Belgium,moderate,"guru99.com, iptvnederlandgids.nl, iptv-aanbieders.com, iptvabonnement.be, creamiptv.com",,N/A,DuckDuckGo
2026-09-14,iptv belgique abonnement,Belgium,moderate,"guru99.com, iptvbelgiquehd.be, iptvabonnement.be, eco-magazine.fr, abonnementtv.be",,N/A,DuckDuckGo
2026-09-14,iptv belgique avis,Belgium,moderate,"guru99.com, eco-magazine.fr, iptvbelgiquehd.be, bidarn.com",,N/A,DuckDuckGo
2026-09-14,iptv abonnement,France/NL,moderate,"selectra.info, guru99.com",,N/A,DuckDuckGo
2026-09-14,beste iptv,Netherlands/global,moderate,"theiptvguide.com, guru99.com, videstro.com, privacysavvy.com",,N/A,DuckDuckGo
2026-09-14,iptv aanbieder,Netherlands,moderate,"iptvnederlandgids.nl, iptvaanbiedersvergelijken.com, guru99.com, iptvaanbiedersnederland.nl",,N/A,DuckDuckGo
2026-09-14,iptv vergelijken,Netherlands,moderate,"iptvaanbiedersvergelijken.com, guru99.com, iptvnederlandgids.nl",,N/A,DuckDuckGo
2026-09-14,goedkope iptv,Netherlands,moderate,"goedkoopiptv.com, kopen-tv.nl, iptv-aanbieders.com, iptvsmarttv.nl",,N/A,DuckDuckGo
2026-09-14,iptv anbieter,Germany,moderate,"guru99.com, merkur.de, connect.de, theiptvguide.com",,N/A,DuckDuckGo
2026-09-14,iptv abo,Germany,moderate,"bestiptvfinder.com, iptvforum.net, geekvibenation.com",,N/A,DuckDuckGo
2026-09-14,iptv vergleich,Germany,moderate,"guru99.com, connect.de, merkur.de, trusted.de, iptv-welt.de",,N/A,DuckDuckGo
2026-09-14,iptv test,Global/DE,moderate,"the-best-iptv.com, iptvscope.com, lumiptv.com",,N/A,DuckDuckGo
2026-09-14,iptv legal deutschland,Germany,moderate,"anwalt.de, iptv-germany.com, expert-zoom.com",,N/A,DuckDuckGo
2026-09-14,abonnement iptv suisse,Switzerland,weak-moderate,"abonnementiptvsuisse.ch, moniptv.ch, suisse-tv.ch, helvetitv.com, iptv-suisse.ch",,N/A,DuckDuckGo
2026-09-14,iptv schweiz,Switzerland,moderate,"sat-online.ch, guru99.com, helvetitv.com, schweizer-tv.ch",,N/A,DuckDuckGo
2026-09-14,iptv abo schweiz,Switzerland,weak-moderate,"helvetitv.com, moniptv.ch, schweiz-iptv.ch, tv-schweiz.ch",,N/A,DuckDuckGo
